StatBezirkNr;Statistischer Bezirk;Alter 0;Alter 1;Alter 2;Alter 3;Alter 4;Alter 5;Alter 6;Alter 7;Alter 8;Alter 9;Alter 10;Alter 11;Alter 12;Alter 13;Alter 14;Alter 15;Alter 16;Alter 17;Alter 18;Alter 19;Alter 20;Alter 21;Alter 22;Alter 23;Alter 24;Alter 25;Alter 26;Alter 27;Alter 28;Alter 29;Alter 30;Alter 31;Alter 32;Alter 33;Alter 34;Alter 35;Alter 36;Alter 37;Alter 38;Alter 39;Alter 40;Alter 41;Alter 42;Alter 43;Alter 44;Alter 45;Alter 46;Alter 47;Alter 48;Alter 49;Alter 50;Alter 51;Alter 52;Alter 53;Alter 54;Alter 55;Alter 56;Alter 57;Alter 58;Alter 59;Alter 60;Alter 61;Alter 62;Alter 63;Alter 64;Alter 65;Alter 66;Alter 67;Alter 68;Alter 69;Alter 70;Alter 71;Alter 72;Alter 73;Alter 74;Alter 75;Alter 76;Alter 77;Alter 78;Alter 79;Alter 80;Alter 81;Alter 82;Alter 83;Alter 84;Alter 85;Alter 86;Alter 87;Alter 88;Alter 89;Alter 90;Alter 91;Alter 92;Alter 93;Alter 94;Alter 95;Alter 96;Alter 97;Alter 98;Alter 99 u.ä.
1;Innere Stadt;270;218;194;186;160;167;177;125;156;151;160;144;152;146;158;162;153;184;230;248;319;428;493;509;588;635;644;650;663;685;587;560;557;546;521;448;461;419;387;357;351;338;320;313;327;319;304;305;335;316;343;316;344;308;322;317;306;320;282;264;247;228;259;222;234;193;193;173;181;184;176;214;139;118;160;169;158;181;202;186;123;103;100;85;75;92;81;78;79;89;72;45;36;39;28;25;32;21;8;10
2;Urfahr;218;203;182;210;217;191;191;175;176;185;172;173;177;164;184;168;189;159;203;212;274;277;317;355;401;391;432;445;432;443;431;398;407;406;361;398;334;340;337;300;278;251;277;276;316;277;274;297;304;296;351;295;339;337;336;378;348;357;345;299;325;270;295;264;260;241;242;215;225;230;224;266;245;173;229;248;260;262;291;250;170;138;131;141;116;121;96;94;103;73;70;54;56;56;35;32;22;11;11;13
3;Pöstlingberg;39;37;33;46;51;34;47;47;36;43;47;42;49;44;39;34;37;61;45;47;39;42;38;30;39;29;32;48;40;54;43;36;50;38;59;63;68;63;59;52;43;46;60;51;60;60;53;56;70;72;70;102;98;100;80;96;67;80;67;88;83;55;75;73;46;38;63;55;65;50;54;57;38;36;47;52;52;68;60;64;41;22;24;24;29;22;24;18;20;14;7;10;11;11;4;6;1;1;0;0
4;St. Magdalena;107;93;91;106;93;90;89;101;87;78;92;87;97;86;79;70;82;81;96;99;106;122;122;133;117;143;152;154;148;136;172;161;164;171;148;159;164;152;142;153;130;139;143;129;141;139;151;129;153;194;177;183;163;168;191;180;170;185;165;173;147;163;170;163;148;149;173;178;178;181;194;200;185;144;154;169;152;172;197;178;106;98;63;73;50;55;36;34;28;34;25;18;19;10;7;5;2;2;2;2
5;Dornach-Auhof;57;64;33;56;31;50;52;49;62;40;53;34;41;36;43;42;39;42;58;89;114;158;155;149;175;175;179;155;143;160;137;137;106;112;126;107;120;80;111;73;62;76;80;73;80;59;78;86;91;108;96;86;109;86;97;122;79;88;82;69;99;74;83;87;60;56;80;95;82;69;81;101;84;66;75;75;69;89;78;72;49;34;30;31;32;26;21;29;16;16;11;11;15;15;16;4;8;6;1;2
6;Kaplanhof;96;116;99;91;95;95;100;80;80;110;86;99;75;97;95;81;63;71;94;91;103;116;158;162;159;178;177;189;207;181;171;212;170;162;175;156;168;169;173;138;134;134;120;144;135;119;129;144;119;143;150;148;152;138;170;135;129;143;117;124;119;136;103;101;89;90;88;74;89;78;84;82;53;50;82;70;68;61;88;60;43;33;33;34;33;29;24;26;24;25;21;10;11;7;8;11;3;4;1;4
7;Franckviertel;61;66;74;72;67;78;63;58;74;51;61;59;65;50;70;63;70;58;69;71;82;80;94;83;88;113;104;99;110;98;103;117;92;98;112;80;91;84;81;97;84;65;73;72;87;87;81;94;86;99;105;87;91;109;85;100;93;101;99;112;84;79;89;84;102;80;99;75;92;82;61;83;62;53;54;49;39;54;58;50;31;31;35;38;21;29;22;27;24;30;24;18;15;15;13;9;8;9;4;8
8;Bulgariplatz;232;225;205;217;206;194;183;202;180;149;172;138;144;130;129;162;171;152;173;188;228;259;286;309;309;398;369;371;414;383;396;343;342;325;334;306;268;274;236;216;225;253;210;230;220;218;206;232;205;231;205;217;225;205;201;183;173;173;176;152;132;134;129;124;144;110;101;90;105;95;82;97;86;77;72;74;84;94;78;81;63;71;55;69;50;53;44;47;41;42;28;25;19;21;16;12;4;4;6;4
9;Froschberg;102;106;99;93;89;106;91;101;75;94;85;81;92;90;86;77;96;89;104;111;144;150;166;165;202;186;205;190;207;182;173;175;165;158;142;166;154;168;156;121;124;121;131;126;143;143;135;154;165;152;181;163;184;187;205;201;180;158;149;202;151;166;175;151;140;119;113;91;94;114;108;98;107;75;114;89;123;127;141;134;83;65;83;68;63;55;52;50;68;43;42;37;36;30;25;21;15;10;4;7
10;Bindermichl - Keferfeld;191;207;214;201;212;176;185;186;147;165;181;155;145;168;173;146;176;172;159;162;214;188;216;229;258;282;307;282;278;300;313;312;273;297;272;264;273;278;285;278;264;251;216;242;219;231;227;249;260;283;282;278;276;293;309;306;310;279;290;271;247;277;254;230;237;247;231;205;214;248;250;269;232;190;213;243;252;253;230;232;167;117;118;117;99;102;102;68;79;71;54;44;41;35;25;20;13;9;3;9
11;Spallerhof;133;126;145;113;153;108;105;123;104;115;101;107;107;99;93;109;105;84;110;120;125;167;146;163;189;206;211;249;215;215;224;210;188;181;160;179;202;175;170;155;156;158;146;140;166;116;144;155;145;154;156;172;166;180;187;189;175;196;186;162;157;155;141;126;136;117;147;117;128;131;141;123;124;105;99;129;105;140;141;118;86;81;76;89;75;58;65;60;69;50;43;33;29;22;21;14;10;12;8;5
12;Neue Heimat;167;166;177;134;149;143;141;148;143;138;130;125;124;130;138;131;142;144;157;159;154;167;202;214;189;243;219;211;222;238;202;213;176;212;181;198;186;196;159;185;181;160;176;191;163;158;181;202;198;200;208;173;213;188;212;204;201;193;173;187;192;181;184;164;153;130;130;147;118;140;135;124;103;97;115;93;90;131;110;96;52;51;52;50;32;43;42;44;40;28;28;28;28;15;14;8;6;5;3;6
13;Kleinmünchen - Auwiesen;220;273;259;234;279;244;213;243;250;253;208;219;236;213;240;208;234;246;264;241;261;285;279;338;281;335;331;327;361;322;329;300;305;295;304;290;307;299;309;300;276;239;281;263;250;247;267;291;333;322;341;359;355;345;348;321;350;340;322;292;291;279;307;257;248;250;215;206;219;228;235;244;178;145;184;195;173;177;176;166;100;111;93;81;92;91;73;53;53;47;32;43;22;15;7;9;8;1;3;2
14;Industriegebiet - Hafen;0;1;3;2;4;2;3;1;1;4;1;1;0;2;2;1;1;1;2;1;1;1;1;2;1;0;2;0;4;3;3;4;2;4;1;6;4;2;1;3;1;3;2;2;2;3;2;2;2;2;1;2;6;4;0;2;3;1;3;2;0;2;2;0;1;1;0;0;1;0;0;1;1;1;0;0;0;0;1;1;0;0;0;0;0;0;0;1;0;0;0;0;0;0;0;0;0;1;0;0
15;Ebelsberg;152;111;128;125;116;125;137;140;130;124;134;114;108;134;107;133;124;132;118;120;122;152;144;144;145;175;167;163;155;152;160;160;153;170;157;145;159;150;133;125;136;135;133;139;142;149;158;171;166;195;160;196;182;204;173;170;194;167;165;141;115;111;92;107;76;91;89;70;76;85;86;65;52;46;56;71;73;77;85;92;55;44;37;45;37;27;30;18;15;12;12;6;13;7;6;2;2;0;0;2
16;Pichling;92;96;82;89;91;100;93;94;87;100;99;112;106;125;116;105;103;80;116;78;84;100;102;70;84;67;80;80;95;95;88;100;105;99;131;137;131;155;145;140;129;114;122;145;134;113;125;158;142;134;153;158;149;135;139;143;145;121;122;116;109;81;87;90;68;53;55;39;53;48;63;51;34;25;42;35;45;47;48;59;41;28;29;23;24;20;22;25;15;15;19;8;11;8;6;4;1;2;0;1
17;Linz;2137;2108;2018;1975;2013;1903;1870;1873;1788;1800;1782;1690;1718;1714;1752;1692;1785;1756;1998;2037;2370;2692;2919;3055;3225;3556;3611;3613;3694;3647;3532;3438;3255;3274;3184;3102;3090;3004;2884;2693;2574;2483;2490;2536;2585;2438;2515;2725;2774;2901;2979;2935;3052;2987;3055;3047;2923;2902;2743;2654;2498;2391;2445;2243;2142;1965;2019;1830;1920;1963;1974;2075;1723;1401;1696;1761;1743;1933;1984;1839;1210;1027;959;968;828;823;734;672;674;589;488;390;362;306;231;182;135;98;54;75